judul;kategori
Jadwal Lengkap dan Klasemen Piala Asia U-20 2023, Cek di Sini;sport
BPPTKG Peringatkan Ada Potensi Bahaya Lain di Sisi Barat Laut Gunung Merapi, Apa Itu?;news
Penyesalan Manusia Saat Melihat Hewan Dihisab di Hari Kiamat;religion
Sosok Qarin, Jin yang Disebut Menyertai hingga Manusia Dihisab di Hari Kiamat;religion
Metro Sepekan: Pj Gubernur Jakarta Heru Budi Copot 5 Bos PT JakLingko;news
Nasib Mario Dandy di Balik Bui: Tak Dijenguk Orang Tua, Tak Peduli Kabar AG Kekasihnya;news
6 Foto Masa Kecil Nong Poy, Transgender Tercantik di Thailand;entertainment
Seorang Kades di Serang Banten Tewas, Diduga Disuntik Racun;news
Berduka Atas Meninggalnya Dokter Mawar di Nabire, Anggota IDI Pakai Pita Hitam 3 Hari;news
Top 3: Perbandingan Harta Kekayaan Sri Mulyani dan Mahfud MD;news
Cantik Turun Temurun, Ini 6 Potret Nong Poy Bareng Ibu dan Neneknya;entertainment
Kades di Serang Banten Tewas Diduga Disuntik Racun, Mantri Desa Jadi Tersangka;news
2 Kabar Buruk Hampiri MU Usai Ditahan Southampton;sport
Hasil Undian All England 2023: 2 Perang Saudara Libatkan Wakil Indonesia di Babak Pertama;sport
Usai Jenguk Ammar Zoni yang Ditangkap karena Narkoba, Irish Bella: Doakan Semoga Kuat;news
Ayah Ammar Zoni Tak Tahu Kenapa Anaknya Pakai Narkoba Lagi: Setelah Punya Anak dan Berkelu...;news
Saksi Kunci N Kasus Dugaan Mario Dandy Aniaya David Tak Kuasa Jalani Rekonstruksi, Kuasa H...;news
Isi Goodie Bag Mewah Oscar 2023 Bernilai Rp2 Miliar, Termasuk Sebidang Tanah Pedesaan di A...;news
Irish Bella Sempat Curhat Alasan Menikah dengan Ammar Zoni, Akui Agak Nekat dan Sempat Ing...;entertainment
Top 3 News: Sebelum Meninggal Dunia, Istri Moeldoko Koesni Harningsih Sempat Sakit Bertahu...;news
Penampakan Rumah Dito Mahendra yang Digeledah KPK;news
KPK Geledah Rumah Dito Mahendra!;news
Duka Mahasiswi UI Tewas Jatuh dari Apartemen Jelang Wisuda;news
Jimly Asshiddiqie Duga Ada Motif Pribadi di Balik Perubahan Putusan MK 103;news
Kades di Serang Disuntik Sidiadryl oleh Mantri Sebelum Tewas;news
Pelaku Penyekapan Banting Meja-Lempar Botol sebelum Lepaskan Radja;news
Arsenal 'Cuekin' Man City;sport
Mia Khalifa Sebut Adegan Film Porno Fiktif, Pecandu Tobatlah;health
Polisi Gandeng Ahli Identifikasi Zat Sidiadryl yang Tewaskan Kades di Serang;news
KRL ke Bogor Panas dan Pengap, Penumpang Sampai Buka Jendela;transport
5 Fakta Orgasme Pada Pria, Kaum Adam Belum Tentu Semua Tahu;health
7 Foto Cha Joo Young, Pemain The Glory 2 Tampil Buka Baju dan Ekspos Dada;entertainment
Lihat dari Dekat Wujud Mobil Daihatsu All New Ayla Terbaru;otomotive
Ngerinya Badai Salju di California, Motel Ini Nyaris Terkubur;news
Tidak Ada Lagi Off Road di Hutan!;otomotive
Messi jadi Duta Pariwisata Arab Saudi, Lho CR7 ke Mana?;sport
Wulan Guritno Tampil Memukau Saat Kulineran di Korea dan Swiss;entertainment
Hoki Level Dewa, Sejarawan Temukan Harta Karun Pakai Detektor Logam;science&education
Spesifikasi Motor Listrik Smoot Tempur yang Bakal Dijual Rp 11 Jutaan;technology
Menkominfo Johnny Diperiksa Kejagung Lagi, Bisa Jadi Tersangka?;news
Wabup Mukomuko Bengkulu Kecelakaan, Mobil Dinas Fortuner Vs Pajero Adu Banteng Di Jalan;news
Fenomena Hujan Duit di Laga Athletic Bilbao vs Barcelona, Apa Penyebabnya?;sport
Kondisi Ganjar Disebut Mirip Jokowi Di 2019, Cocok Jadi Capres Duet Prabowo, Memang Gerindra Mau?;news
Terungkap! Alasan JoMan Bubarkan GP Mania Dan Beralih Dukung Prabowo: Mas Ganjar Kan Nggak Nyapres;news
4 Pemain Naturalisasi yang Siap Bela Timnas Indonesia di FIFA Matchday, Dua Nama Berstatus Debutan;sport
Prediksi Persita Tangerang vs PSM Makassar di BRI Liga 1: Head to head, Skor dan Link Live Streaming;sport
Kejadian Mistis di Rumah Ruben Onsu Muncul Lagi, Thalia Lihat Ular;entertainment
Fakta-fakta Sosok APA Alias Anastasia Pretya Amanda Di Kasus Mario Dandy Yang Akhirnya Buka Suara;news
Ketum PBB Yusril Bertemu Mardiono Siang Ini, Goda PPP Dukung Pemilu Tertutup?;news
Buktikan Hubungannya Baik-baik saja, Thariq Halilintar Bawakan Kado ke Rumah Fuji yang Mahal;entertainment
Harta Kekayaan Kepala Bea Cukai Makassar Andhi Pramono Segini, Wajar Kah?;news
Kementan Dorong Pertanian Bali Utara Model Modern Smart Green House;news
Mulai Hari Ini, Ammar Zoni Jalani Rehabilitasi Narkoba di BNN Lido, Segini Lamanya;news
4 Jajanan Sehat untuk Takjil Buka Puasa;religion
Telah Dibuka, Ini Cara Daftar Mudik Gratis 2023 Kemenhub;travel
Erupsi Gunung Merapi, BPPTKG Ingatkan Bahaya Lahar Dingin Saat Terjadi Hujan;news
Bukan Pengedar, Ammar Zoni Jalani Rehabilitasi di BNN Lido;news
Saat Lagi 'Lampu Merah', Begini Cara agar Istri Memuaskan Suami: Mulai Pakai Paha hingga, Maaf Asal Mau yah;lifestyle
Ingin Mati dalam Keadaan Tidak Punya Dosa? Buya Yahya: Baca Ini..;religion
Ammar Zoni Resmi akan Rehabilitasi di Lido, Kuasa Hukum: Sudah Sepantasnya Lah!;news
Tes Kepribadian: Pilih Serigala yang Melambangkan Kemandirian dan Cari Tahu Kapan Anda Membutuhkan Kesendirian;lifestyle
Download Minecraft 1.19.80.20 Mod Apk Terbaru 2023, Unlimited Money, Unlock All Item, Mainkan Mojang Ada yang Gratis Lebih Aman;entertainment
Australia Kembangkan Teknologi yang Bisa Kurangi Dua Pertiga Gula dalam Jus;technology
Pesawat Jetstar dari Melbourne Ditolak Mendarat di Bali karena Miskomunikasi;news
Pernah Disangka Punah, Bayi Iguana Pink Kembali Muncul di Galapagos;science&education
"Luncurkan Rudal, Korea Utara Ancam Ubah Pasifik Jadi \""Target Tembak\""";news
Biden dan Ardern Diskusikan Perdagangan hingga Kekerasan Senjata;news
Drone Bayraktar Turki Laku Keras Setelah Dikerahkan dalam Perang Ukraina;technology
Spesialis Jambret HP Diamankan Unit Resmob Polres Banjarbaru;news
Pemkab Banyuwangi Tawarkan Investasi Wisata ke Wakil PM Singapura;news
Ratusan PPPK Banjiri Permohonan SKCK Polres Tulungagung;news
21 Etnis Rohingya Ditemukan di Pantai Padang Kawa Abdya, Ini Namanya;news
Gus Ali Matangkan Perjodohan Prabowo-Muhaimin di Ponpes Bumi Sholawat;news
Jurnalis Lampungpro Biro Metro Juarai Turnamen Tenis Lapangan Lapas Metro;sport
Jurusan Sosiologi Unila Kuliah Tamu Hadirkan Peneliti CenPRIS USM Malaysia;science&education
Sikapi Anak-anak, Orang Tua Harus Banyak Belajar;lifestyle
SoKlin Softergent Double Perfume Cetak Rekor MURI;lifestyle
Tampil di BSF, Pasha Ungu Hibur Ribuan Penonton di Siring 0 Km Banjarmasin;entertainment
Nursyah Sesumbar Benci Arie Kriting, Ayah Indah Permatasari Bongkar Hubungannya dengan Istri: Ada Masalah;entertainment
3 Pilihan Pesawat AEW&C yang Kemungkinan Dibeli oleh Militer Indonesia;news
Jauh dari Kata Bad Boy, Intip Foto Pre-Debut Park Sung Hoon 'The Glory';entertainment
Siap Mengikuti Kinovation, Inilah 10 Brand Lokal yang Punya Inovasi Produk Menarik dan Prospek Menjanjikan;business
Kembangkan Kota Harapan Indah, Perusahaan Properti Indonesia Berbagi Peluang Bisnis dengan Perusahaan Korea;business
AirAsia Bagi-bagi 10 Juta Kursi Gratis Terbang ke Luar Negeri, Ini Daftar Destinasinya;travel
Mengaku Khilaf, Bandar Arisan Bodong Dian Berhasil Tipu 106 Orang Dengan Rugi Rp 6,3 Miliar;entertainment
6 Potret Kejutan Ulang Tahun Rizky Nazar, Temanya Bikin Orang Ngakak;entertainment
5 Drama Hits L INFINITE, Artis Korea yang Hari Ini Rayakan Ulang Tahun ke-31 Tahun;entertainment
10 Potret Rumah Arie Untung, Penampakan Dapurnya Jadi Sorotan;entertainment
Terima Kartu Merah Kedua Musim Ini, Casemiro akan Absen di Empat Pertandingan Manchester United;sport
Cinta Terlarang Kades Curuggoong dan Istri Pelaku Diduga Jadi Pemicu Pembunuhan Suntik Mati;news
Dapat Ganti Rugi Rp 3,5 Miliar, Pemilik Rumah Bertingkat di Tol Yogyakarta-Solo: Saya Terima dengan Terpaksa;news
"Survei Litbang ""Kompas"": Pendukung Jokowi yang Akan Pilih Ganjar Lebih Banyak dari Prabowo";news
Nonton Konser BLACKPINK, Melly Goeslaw: Buat Panitia yang Bentak-bentak, Saya Maafin Anda;entertainment
Suami Pernah Ditagih Rp 120 Juta untuk Laparoskopi, Kiky Saputri: Ternyata Biayanya Cuma Rp 42 Juta, Kok Bisa?;news
Eks Koruptor Tasdi Jadi Stafsus Risma, Kemensos Beri Penjelasan;news
PN Jaksel Panggil Pimpinan KPK dan Dewas dengan Peringatan;news
Diberhentikan Heru Budi, Eks PJLP: Jangan Buang Kami seperti Sampah;news
Panglima TNI: Pilot Susi Air Masih Santai dan Senyum, Kayaknya Enggak Merasa Terancam...;news
Bank Para Startup Silicon Valley Bank Kolaps dalam 48 Jam;business
Tidak Kebagian Kursi, Melly Goeslaw Harus Jongkok dan Dibentak Panitia Konser BLACKPINK di GBK;entertainment
Media Vietnam Takjub Timnas Indonesia U-20 Hadapi Tim Kelas Dunia di Piala Dunia U-20 2023!;sport
Media Vietnam Cari Hiburan Setelah Timnas Vietnam U-20 Gagal Lolos Piala Dunia U-20 2023, Bawa-Bawa FIFA!;sport
Hitung-hitungan PSM Makassar Juara Liga 1 2022-2023 Pekan Ini: Sudahi Penantian 23 Tahun!;sport
5 Penyebab Persib Bandung Gagal Kalahkan Persebaya Surabaya di Liga 1 2022-2023, Nomor 1 Peran Ernando Ari!;sport
Jadwal Semifinal Piala Asia U-20 2023: Ada Timnas Irak U-20 vs Jepang U-20 hingga Uzbekistan U-20 vs Korea Selatan U-20;sport
Penyebab Timnas Indonesia U-20 Hampir Pasti Satu Grup dengan Fiji U-20 di Piala Dunia U-20 2023;sport
Kalah Bersaing, Perusahaan Karoseri Legendaris Ini Gulung Tikar;business
6 Potret Dea Rizky Erikarisma, Seleb TikTok Cantik yang Sering Bikin Gagal Fokus!;entertainment
Ini yang Bikin Mikel Arteta Girang Setengah Mati Usai Arsenal Gulung Fulham 3-0;sport
Timnas Indonesia Lawan Burundi di FIFA Matchday Maret 2023, Netizen Malaysia Iri!;sport
Real Madrid Takkan Diperkuat Pemain Bintang Ini untuk Leg Kedua 16 Besar Liga Champions 2022-2023 Kontra Liverpool;sport
! Kepala Desa Diduga Disuntik Mati oleh Mantri;news
Hasil Persebaya Surabaya vs Persib Bandung di Liga 1 2022-2023: Gol David Da Silva Selamatkan Pangeran Biru dari Kekalahan;sport
Fabio Quartararo Tersenyum Lebar Seusai Tes Pramusim MotoGP Portugal 2023;sport
Hasil Tes Pramusim MotoGP Portugal 2023 di Hari Kedua: Francesco Bagnaia Paling Cepat, Marc Marquez Hanya Ke-14;sport
Hadirkan Tampilan Premium dengan Layar 3D Curved, Smartphone 5G Ini Resmi Dirilis di Indonesia!;technology
Beli Tiket Platinum Konser BLACKPINK, Melly Goeslaw Kecewa Tak Dapat Kursi sampai Dibentak;entertainment
KKB Serang Warga Sipil untuk Pecah Fokus Aparat, 2 Warga Yahukimo Dibunuh Pasukan Egianus Kogoya;news
Catat! 3 Tips Kontrol Gula Darah Saat Puasa bagi Diabetesi;health
Viral Awan Panas Berbentuk Petruk Diyakini Sebagai Penunggu Merapi, BPPTKG Sebut Hanya Kebetulan;news
Sosok Salamunasir, Kades Curug Goong, Dibunuh Mantri S Pakai Jarum Suntik, Baru Setahun Menjabat;news
Gerindra Usul Duet Prabowo-Ganjar, Hasto Tegaskan Capres dari Kader PDIP;news
Update Gunung Merapi Senin Pagi: Luncurkan Awan Panas, Potensi Bahaya Terjadi di 6 Sungai;news
Unggahan Pertama Irish Bella setelah Ammar Zoni Tertangkap Kasus Narkoba: Aku Harus Kuat;entertainment
Personel Band Radja Trauma Diancam akan Dibunuh, Ian Kasela: Bagaikan Binatang Kami Diperlakukan;entertainment
Ketua IPW Tegaskan Tak Akan Penuhi Panggilan Polri;news
Rizky Ridho ke Persija, Koko Menuju Madura United?;sport
Polisi Buru Pelaku Pembacokan Pelajar SMA di Bogor;news
2 Pelaku Pembacokan Pelajar di Bogor Ditangkap, 1 Orang Masih Buron;news
Tunarungu, Anak Dewi Yull Segera Lulus S-2 di Amerika;entertainment
Rafael Alun Mangkir dari Proses Pencopotan di Kemenkeu;news
Transjakarta: Kuncoro Wibowo Mundur dari Dirut, Mulai Tak Berkantor Hari Ini;news
Mawartih, Dokter di Papua, Tewas Tak Wajar: Menkes Minta Kapolri Usut;news
6 Pemuda Jagoan yang Tenteng Celurit dan Serang Warga di Tambora Dibekuk;news
Perselingkuhan Jadi Motif Pelaku Suntik Mati Kades di Banten;news
Mobil CRV yang Nyemplung ke Galian PLN di Ragunan Disopiri Mahasiswa;news
Isak Tangis Keluarga Iringi Pemakaman Kades di Serang yang Tewas Disuntik Racun;news
Ammar Zoni Ditangkap Lagi, Irish Bella: Semoga Saya Bisa Lewati Ujian Ini;entertainment
BNPT: Ada Parpol Baru Tak Lolos Verifikasi Pemilu 2024, Terafiliasi Teroris;news
"Kasus Pungli Rektor Unud Cs Diduga Rugikan Negara Rp 108 Miliar""";news
